"Changes in what, how, when and where students learn?"
"Changes in what, how, when and where students learn?"
"Changes in what, how, when and where students learn?"
"Changes in what, how, when and where students learn?"
"Changes in what, how, when and where students learn?"
"Changes in what, how, when and where students learn?"
"Changes in what, how, when and where students learn?"
"Changes in what, how, when and where students learn?"
"Changes in what, how, when and where students learn?"
"Changes in what, how, when and where students learn?"
"Changes in what, how, when and where students learn?"
"Changes in what, how, when and where students learn?"
"Changes in what, how, when and where students learn?"
"Changes in what, how, when and where students learn?"
"Changes in what, how, when and where students learn?"
"Changes in what, how, when and where students learn?"
"Changes in what, how, when and where students learn?"
"Changes in what, how, when and where students learn?"
"Changes in what, how, when and where students learn?"
"Changes in what, how, when and where students learn?"
"Changes in what, how, when and where students learn?"
"Changes in what, how, when and where students learn?"
"Changes in what, how, when and where students learn?"
"Changes in what, how, when and where students learn?"
"Changes in what, how, when and where students learn?"
"Changes in what, how, when and where students learn?"
"Changes in what, how, when and where students learn?"
"Changes in what, how, when and where students learn?"
"Changes in what, how, when and where students learn?"
"Changes in what, how, when and where students learn?"
"Changes in what, how, when and where students learn?"
"Changes in what, how, when and where students learn?"
"Changes in what, how, when and where students learn?"
"Changes in what, how, when and where students learn?"
"Changes in what, how, when and where students learn?"
"Changes in what, how, when and where students learn?"
"Changes in what, how, when and where students learn?"
"Changes in what, how, when and where students learn?"
"Changes in what, how, when and where students learn?"
"Changes in what, how, when and where students learn?"
"Changes in what, how, when and where students learn?"
"Changes in what, how, when and where students learn?"
"Changes in what, how, when and where students learn?"
"Changes in what, how, when and where students learn?"
"Changes in what, how, when and where students learn?"
"Changes in what, how, when and where students learn?"
"Changes in what, how, when and where students learn?"
"Changes in what, how, when and where students learn?"
"Changes in what, how, when and where students learn?"
"Changes in what, how, when and where students learn?"
"Changes in what, how, when and where students learn?"
"Changes in what, how, when and where students learn?"
"Changes in what, how, when and where students learn?"
"Changes in what, how, when and where students learn?"
"Changes in what, how, when and where students learn?"
"Changes in what, how, when and where students learn?"
"Changes in what, how, when and where students learn?"
"Changes in what, how, when and where students learn?"
"Changes in what, how, when and where students learn?"
"Changes in what, how, when and where students learn?"
"Changes in what, how, when and where students learn?"
"Changes in what, how, when and where students learn?"
"Changes in what, how, when and where students learn?"
"Changes in what, how, when and where students learn?"
"Changes in what, how, when and where students learn?"
"Changes in what, how, when and where students learn?"
"Changes in what, how, when and where students learn?"
"Changes in what, how, when and where students learn?"
"Changes in what, how, when and where students learn?"
"Changes in what, how, when and where students learn?"
"Changes in what, how, when and where students learn?"
"Changes in what, how, when and where students learn?"
"Changes in what, how, when and where students learn?"
"Changes in what, how, when and where students learn?"
"Changes in what, how, when and where students learn?"
"Changes in what, how, when and where students learn?"
"Changes in what, how, when and where students learn?"
"Changes in what, how, when and where students learn?"
"Changes in what, how, when and where students learn?"
"Changes in what, how, when and where students learn?"
"Changes in what, how, when and where students learn?"
"Changes in what, how, when and where students learn?"
"Changes in what, how, when and where students learn?"
"Changes in what, how, when and where students learn?"
"Changes in what, how, when and where students learn?"
"Changes in what, how, when and where students learn?"
"Changes in what, how, when and where students learn?"
"Changes in what, how, when and where students learn?"
"Changes in what, how, when and where students learn?"
"Changes in what, how, when and where students learn?"
"Changes in what, how, when and where students learn?"
"Changes in what, how, when and where students learn?"
"Changes in what, how, when and where students learn?"
"Changes in what, how, when and where students learn?"
"Changes in what, how, when and where students learn?"
"Changes in what, how, when and where students learn?"
"Changes in what, how, when and where students learn?"
"Changes in what, how, when and where students learn?"
"Changes in what, how, when and where students learn?"
"Changes in what, how, when and where students learn?"
"Changes in what, how, when and where students learn?"
"Changes in what, how, when and where students learn?"
"Changes in what, how, when and where students learn?"
"Changes in what, how, when and where students learn?"
"Changes in what, how, when and where students learn?"
"Changes in what, how, when and where students learn?"
"Changes in what, how, when and where students learn?"
"Changes in what, how, when and where students learn?"
"Changes in what, how, when and where students learn?"
"Changes in what, how, when and where students learn?"
"Changes in what, how, when and where students learn?"
"Changes in what, how, when and where students learn?"
"Changes in what, how, when and where students learn?"
"Changes in what, how, when and where students learn?"
"Changes in what, how, when and where students learn?"
"Changes in what, how, when and where students learn?"
"Changes in what, how, when and where students learn?"
"Changes in what, how, when and where students learn?"
"Changes in what, how, when and where students learn?"
"Changes in what, how, when and where students learn?"
"Changes in what, how, when and where students learn?"
"Changes in what, how, when and where students learn?"
"Changes in what, how, when and where students learn?"
"Changes in what, how, when and where students learn?"
"Changes in what, how, when and where students learn?"
"Changes in what, how, when and where students learn?"
"Changes in what, how, when and where students learn?"
"Changes in what, how, when and where students learn?"
"Changes in what, how, when and where students learn?"
"Changes in what, how, when and where students learn?"
"Changes in what, how, when and where students learn?"
"Changes in what, how, when and where students learn?"
"Changes in what, how, when and where students learn?"
"Changes in what, how, when and where students learn?"
"Changes in what, how, when and where students learn?"
"Changes in what, how, when and where students learn?"
"Changes in what, how, when and where students learn?"
"Changes in what, how, when and where students learn?"
"Changes in what, how, when and where students learn?"
"Changes in what, how, when and where students learn?"
"Changes in what, how, when and where students learn?"
"Changes in what, how, when and where students learn?"
"Changes in what, how, when and where students learn?"
"Changes in what, how, when and where students learn?"
"Changes in what, how, when and where students learn?"
"Changes in what, how, when and where students learn?"
"Changes in what, how, when and where students learn?"
"Changes in what, how, when and where students learn?"
"Changes in what, how, when and where students learn?"
"Changes in what, how, when and where students learn?"
"Changes in what, how, when and where students learn?"
"Changes in what, how, when and where students learn?"
"Changes in what, how, when and where students learn?"
"Changes in what, how, when and where students learn?"
"Changes in what, how, when and where students learn?"
"Changes in what, how, when and where students learn?"
"Changes in what, how, when and where students learn?"
"Changes in what, how, when and where students learn?"
"Changes in what, how, when and where students learn?"
"Changes in what, how, when and where students learn?"
"Changes in what, how, when and where students learn?"
"Changes in what, how, when and where students learn?"
"Changes in what, how, when and where students learn?"
"Changes in what, how, when and where students learn?"
"Changes in what, how, when and where students learn?"
"Changes in what, how, when and where students learn?"
"Changes in what, how, when and where students learn?"
"Changes in what, how, when and where students learn?"
"Changes in what, how, when and where students learn?"
"Changes in what, how, when and where students learn?"
"Changes in what, how, when and where students learn?"
"Changes in what, how, when and where students learn?"
"Changes in what, how, when and where students learn?"
"Changes in what, how, when and where students learn?"
"Changes in what, how, when and where students learn?"
"Changes in what, how, when and where students learn?"
"Changes in what, how, when and where students learn?"
"Changes in what, how, when and where students learn?"
"Changes in what, how, when and where students learn?"
"Changes in what, how, when and where students learn?"
"Changes in what, how, when and where students learn?"
"Changes in what, how, when and where students learn?"
"Changes in what, how, when and where students learn?"
"Changes in what, how, when and where students learn?"
"Changes in what, how, when and where students learn?"
"Changes in what, how, when and where students learn?"
"Changes in what, how, when and where students learn?"
"Changes in what, how, when and where students learn?"
"Changes in what, how, when and where students learn?"
"Changes in what, how, when and where students learn?"
"Changes in what, how, when and where students learn?"
"Changes in what, how, when and where students learn?"
"Changes in what, how, when and where students learn?"
"Changes in what, how, when and where students learn?"
"Changes in what, how, when and where students learn?"
"Changes in what, how, when and where students learn?"
"Changes in what, how, when and where students learn?"
"Changes in what, how, when and where students learn?"
"Changes in what, how, when and where students learn?"
"Changes in what, how, when and where students learn?"
"Changes in what, how, when and where students learn?"
"Changes in what, how, when and where students learn?"
"Changes in what, how, when and where students learn?"
"Changes in what, how, when and where students learn?"
"Changes in what, how, when and where students learn?"
"Changes in what, how, when and where students learn?"
"Changes in what, how, when and where students learn?"
"Changes in what, how, when and where students learn?"
"Changes in what, how, when and where students learn?"
"Changes in what, how, when and where students learn?"
"Changes in what, how, when and where students learn?"
"Changes in what, how, when and where students learn?"
"Changes in what, how, when and where students learn?"
"Changes in what, how, when and where students learn?"
"Changes in what, how, when and where students learn?"
"Changes in what, how, when and where students learn?"
"Changes in what, how, when and where students learn?"
"Changes in what, how, when and where students learn?"
"Changes in what, how, when and where students learn?"
"Changes in what, how, when and where students learn?"
"Changes in what, how, when and where students learn?"
"Changes in what, how, when and where students learn?"
"Changes in what, how, when and where students learn?"
"Changes in what, how, when and where students learn?"
"Changes in what, how, when and where students learn?"
"Changes in what, how, when and where students learn?"
"Changes in what, how, when and where students learn?"
Major challenges to making recommended changes?
Major challenges to making recommended changes?
Major challenges to making recommended changes?
Major challenges to making recommended changes?
Major challenges to making recommended changes?
Major challenges to making recommended changes?
Major challenges to making recommended changes?
Major challenges to making recommended changes?
Major challenges to making recommended changes?
Major challenges to making recommended changes?
Major challenges to making recommended changes?
Major challenges to making recommended changes?
Major challenges to making recommended changes?
Major challenges to making recommended changes?
Major challenges to making recommended changes?
Major challenges to making recommended changes?
Major challenges to making recommended changes?
Major challenges to making recommended changes?
Major challenges to making recommended changes?
Major challenges to making recommended changes?
Major challenges to making recommended changes?
Major challenges to making recommended changes?
Major challenges to making recommended changes?
Major challenges to making recommended changes?
Major challenges to making recommended changes?
Major challenges to making recommended changes?
Major challenges to making recommended changes?
Major challenges to making recommended changes?
Major challenges to making recommended changes?
Major challenges to making recommended changes?
Major challenges to making recommended changes?
Major challenges to making recommended changes?
Major challenges to making recommended changes?
Major challenges to making recommended changes?
Major challenges to making recommended changes?
Major challenges to making recommended changes?
Major challenges to making recommended changes?
Major challenges to making recommended changes?
Major challenges to making recommended changes?
Major challenges to making recommended changes?
Major challenges to making recommended changes?
Major challenges to making recommended changes?
Major challenges to making recommended changes?
Major challenges to making recommended changes?
Major challenges to making recommended changes?
Most important changes needed in K-12 education?
Most important changes needed in K-12 education?
Most important changes needed in K-12 education?
Most important changes needed in K-12 education?
Most important changes needed in K-12 education?
Most important changes needed in K-12 education?
Most important changes needed in K-12 education?
Most important changes needed in K-12 education?
Most important changes needed in K-12 education?
Most important changes needed in K-12 education?
Most important changes needed in K-12 education?
Most important changes needed in K-12 education?
Most important changes needed in K-12 education?
Most important changes needed in K-12 education?
Most important changes needed in K-12 education?
Most important changes needed in K-12 education?
Most important changes needed in K-12 education?
Most important changes needed in K-12 education?
Most important changes needed in K-12 education?
Most important changes needed in K-12 education?
Most important changes needed in K-12 education?
Most important changes needed in K-12 education?
Most important changes needed in K-12 education?
Most important changes needed in K-12 education?
Most important changes needed in K-12 education?
Most important changes needed in K-12 education?
Most important changes needed in K-12 education?
Most important changes needed in K-12 education?
Most important changes needed in K-12 education?
Most important changes needed in K-12 education?
Most important changes needed in K-12 education?
Most important changes needed in K-12 education?
Most important changes needed in K-12 education?
Most important changes needed in K-12 education?
Most important changes needed in K-12 education?
Most important changes needed in K-12 education?
Most important changes needed in K-12 education?
Most important changes needed in K-12 education?
Most important changes needed in K-12 education?
Most important changes needed in K-12 education?
Most important changes needed in K-12 education?
Most important changes needed in K-12 education?
Most important changes needed in K-12 education?
Most important changes needed in K-12 education?
Most important changes needed in K-12 education?
Most important changes needed in K-12 education?
Most important changes needed in K-12 education?
Most important changes needed in K-12 education?
Most important changes needed in K-12 education?
Most important changes needed in K-12 education?
Most important changes needed in K-12 education?
Most important changes needed in K-12 education?
Most important changes needed in K-12 education?
Most important changes needed in K-12 education?
Most important changes needed in K-12 education?
Most important changes needed in K-12 education?
Most important changes needed in K-12 education?
Most important changes needed in K-12 education?
Most important changes needed in K-12 education?
Most important changes needed in K-12 education?
Most important changes needed in K-12 education?
Most important changes needed in K-12 education?
Most important changes needed in K-12 education?
Providing the technology tools (Technology & Infrastructure and Budget & Resources planning elements)
Providing the technology tools (Technology & Infrastructure and Budget & Resources planning elements)
Providing the technology tools (Technology & Infrastructure and Budget & Resources planning elements)
Providing the technology tools (Technology & Infrastructure and Budget & Resources planning elements)
Providing the technology tools (Technology & Infrastructure and Budget & Resources planning elements)
Providing the technology tools (Technology & Infrastructure and Budget & Resources planning elements)
Providing the technology tools (Technology & Infrastructure and Budget & Resources planning elements)
Providing the technology tools (Technology & Infrastructure and Budget & Resources planning elements)
Providing the technology tools (Technology & Infrastructure and Budget & Resources planning elements)
Providing the technology tools (Technology & Infrastructure and Budget & Resources planning elements)
Providing the technology tools (Technology & Infrastructure and Budget & Resources planning elements)
Providing the technology tools (Technology & Infrastructure and Budget & Resources planning elements)
Providing the technology tools (Technology & Infrastructure and Budget & Resources planning elements)
Providing the technology tools (Technology & Infrastructure and Budget & Resources planning elements)
Providing the technology tools (Technology & Infrastructure and Budget & Resources planning elements)
Providing the technology tools (Technology & Infrastructure and Budget & Resources planning elements)
Providing the technology tools (Technology & Infrastructure and Budget & Resources planning elements)
Providing the technology tools (Technology & Infrastructure and Budget & Resources planning elements)
Providing the technology tools (Technology & Infrastructure and Budget & Resources planning elements)
Providing the technology tools (Technology & Infrastructure and Budget & Resources planning elements)
Providing the technology tools (Technology & Infrastructure and Budget & Resources planning elements)
Providing the technology tools (Technology & Infrastructure and Budget & Resources planning elements)
Providing the technology tools (Technology & Infrastructure and Budget & Resources planning elements)
Providing the technology tools (Technology & Infrastructure and Budget & Resources planning elements)
Providing the technology tools (Technology & Infrastructure and Budget & Resources planning elements)
Providing the technology tools (Technology & Infrastructure and Budget & Resources planning elements)
Teacher and Administrator Preparedness
Teacher and Administrator Preparedness
Teacher and Administrator Preparedness
Teacher and Administrator Preparedness
Teacher and Administrator Preparedness
Teacher and Administrator Preparedness
Teacher and Administrator Preparedness
Teacher and Administrator Preparedness
Teacher and Administrator Preparedness
Teacher and Administrator Preparedness
Teacher and Administrator Preparedness
Teacher and Administrator Preparedness
Teacher and Administrator Preparedness
Teacher and Administrator Preparedness
Teacher and Administrator Preparedness
Teacher and Administrator Preparedness
Teacher and Administrator Preparedness
Teacher and Administrator Preparedness
Teacher and Administrator Preparedness
Teacher and Administrator Preparedness
Teacher and Administrator Preparedness
Teacher and Administrator Preparedness
Teacher and Administrator Preparedness
Teacher and Administrator Preparedness
Teacher and Administrator Preparedness
Teacher and Administrator Preparedness
Teacher and Administrator Preparedness
Teacher and Administrator Preparedness
Teacher and Administrator Preparedness
Teacher and Administrator Preparedness
Teacher and Administrator Preparedness
Teacher and Administrator Preparedness
Teacher and Administrator Preparedness
Teacher and Administrator Preparedness
Teacher and Administrator Preparedness
Teacher and Administrator Preparedness
Teacher and Administrator Preparedness
Teacher and Administrator Preparedness
